<?xml version="1.0" encoding="UTF-8"?>

<beans xmlns="http://www.springframework.org/schema/beans"
	xmlns:p="http://www.springframework.org/schema/p"
	xmlns:mvc="http://www.springframework.org/schema/mvc"
	xmlns:tx="http://www.springframework.org/schema/tx"
	xmlns:util="http://www.springframework.org/schema/util"
	xmlns:xsi="http://www.w3.org/2001/XMLSchema-instance"
	xmlns:context="http://www.springframework.org/schema/context"
	xsi:schemaLocation="
        http://www.springframework.org/schema/beans http://www.springframework.org/schema/beans/spring-beans.xsd
         http://www.springframework.org/schema/util http://www.springframework.org/schema/util/spring-util.xsd
        http://www.springframework.org/schema/context http://www.springframework.org/schema/context/spring-context.xsd
         http://www.springframework.org/schema/tx http://www.springframework.org/schema/tx/spring-tx.xsd
          http://www.springframework.org/schema/mvc http://www.springframework.org/schema/mvc/spring-mvc.xsd
        ">


	<context:component-scan
		base-package="com.becoder" />

	<bean name="viewResolver"
		class="org.springframework.web.servlet.view.InternalResourceViewResolver">
		<property name="prefix" value="/WEB-INF/view/" />
		<property name="suffix" value=".jsp" />

	</bean>

	<tx:annotation-driven />

	<bean name="ds"
		class="org.springframework.jdbc.datasource.DriverManagerDataSource">

		<property name="driverClassName"
			value="com.mysql.jdbc.Driver" />

		<property name="url"
			value="jdbc:mysql://localhost:3306/spring_orm" />
		<property name="username" value="root" />
		<property name="password" value="Nirmala@1973" />
	</bean>


	<bean name="factory"
		class="org.springframework.orm.hibernate5.LocalSessionFactoryBean">

		<property name="dataSource" ref="ds" />

		<property name="hibernateProperties">
			<props>
				<prop key="hibernate.dialect">org.hibernate.dialect.MySQL57Dialect</prop>
				<prop key="hibernate.hbm2ddl.auto">update</prop>
				<prop key="hibernate.show_sql">true</prop>
				<prop key="hibernate.format_Sql">true</prop>
			</props>
		</property>

		<property name="annotatedClasses">
			<list>
				<value>com.becoder.entity.Emp</value>
				<value>com.becoder.entity.User</value>
			</list>
		</property>
	</bean>

	<bean name="hibernateTemplate"
		class="org.springframework.orm.hibernate5.HibernateTemplate">
		<property name="sessionFactory" ref="factory"></property>
	</bean>

	<bean name="transactionManager"
		class="org.springframework.orm.hibernate5.HibernateTransactionManager">
		<property name="sessionFactory" ref="factory" />
	</bean>

	<mvc:annotation-driven />
	<mvc:interceptors>
		<mvc:interceptor>
			<mvc:mapping path="/myProfile" />
			<bean class="com.becoder.intecpetor.AuthInterceptor"></bean>
		</mvc:interceptor>
	</mvc:interceptors>


</beans>
